num_fit_samples,sampling_lr,lengthscale,delta,eta,alpha,classifier_free_guidance_weight,mean (100th),std (100th),mean (80th),std (80th),mean (50th),std (50th)
14000,0.05,5.5,0.25,0.0,1.0,-3.0,0.957503966987133,0.020078181573229652,0.7824225351214409,0.026235324165615057,0.6171414405107498,0.02728095651859198
14000,0.05,5.5,0.25,0.0,1.0,-2.5,0.9589496627449989,0.017214407807499436,0.8011715114116669,0.018368113385918917,0.6213045939803123,0.01998747211798696
14000,0.05,5.5,0.25,0.0,1.0,-2.0,0.9599482491612434,0.01848673822882045,0.8175599351525307,0.02292922566303761,0.622855931520462,0.02343227174156708
14000,0.05,5.5,0.25,0.0,1.0,-1.5,0.9711002185940742,0.014577472499369519,0.8228376284241676,0.01993038880784191,0.6291708722710609,0.020854417375043045
14000,0.05,5.5,0.25,0.0,0.95,-3.0,0.9599508419632912,0.01902208418145201,0.7861179560422897,0.023365143455333064,0.6220325827598572,0.025349480256363445
14000,0.05,5.5,0.25,0.0,0.95,-2.5,0.9589496627449989,0.017214407807499436,0.8013106659054756,0.02280319336362272,0.6217800453305244,0.020122023850122905
14000,0.05,5.5,0.25,0.0,0.95,-2.0,0.9560363590717316,0.01560741091670815,0.8170857653021812,0.025423607755015076,0.6226059645414352,0.02162170947029943
14000,0.05,5.5,0.25,0.0,0.95,-1.5,0.9711002185940742,0.014577472499369519,0.8226649761199951,0.020115452204881586,0.6297867745161057,0.018908011318448444
14000,0.05,5.5,0.25,0.0,0.9,-3.0,0.9619763642549515,0.015789279134427663,0.7873368710279465,0.02132950432642091,0.6206152364611626,0.02854950196015713
14000,0.05,5.5,0.25,0.0,0.9,-2.5,0.9608411863446236,0.017493745648656068,0.8054145351052284,0.017475439118849752,0.6239189431071281,0.01936086800937003
14000,0.05,5.5,0.25,0.0,0.9,-2.0,0.9619196504354477,0.01767249811183312,0.8183781430125237,0.02405301256102559,0.6290420368313789,0.02503437861085964
14000,0.05,5.5,0.25,0.0,0.9,-1.5,0.9734182357788086,0.013227774058052299,0.8248180523514748,0.020485061960497892,0.6251997202634811,0.0178533939229483
14000,0.05,5.5,0.25,0.0,0.85,-3.0,0.9607651680707932,0.016777901443140703,0.797800786793232,0.017833502039803325,0.6225814968347549,0.028287079227823857
14000,0.05,5.5,0.25,0.0,0.85,-2.5,0.9608411863446236,0.017493745648656068,0.8100389689207077,0.022575676004626174,0.6210301369428635,0.01917731481688034
14000,0.05,5.5,0.25,0.0,0.85,-2.0,0.9619196504354477,0.01767249811183312,0.820684552192688,0.02393261364447138,0.6315069273114204,0.024675548298686182
14000,0.05,5.5,0.25,0.0,0.85,-1.5,0.9734182357788086,0.013227774058052299,0.8264003396034241,0.019118067111551094,0.6296476200222969,0.018937165592900745
14000,0.05,5.5,0.25,0.0,0.8,-3.0,0.9609494209289551,0.016861891698444646,0.8073743432760239,0.011675246919476695,0.6244188919663429,0.02593504614125329
14000,0.05,5.5,0.25,0.0,0.8,-2.5,0.9597511142492294,0.016628508618512994,0.8090184777975082,0.02393620451343584,0.6185227185487747,0.026318328042753716
14000,0.05,5.5,0.25,0.0,0.8,-2.0,0.9674537554383278,0.016254950771890635,0.8224871680140495,0.02420939874909,0.6324423775076866,0.018786848197957534
14000,0.05,5.5,0.25,0.0,0.8,-1.5,0.9734182357788086,0.013227774058052299,0.8239831179380417,0.01635670044061059,0.6316331997513771,0.021253234547287617
14000,0.05,5.5,0.25,0.0,0.7,-3.0,0.9603077545762062,0.014643567156548533,0.8094230592250824,0.018951598320087647,0.6266853660345078,0.019618468017410875
14000,0.05,5.5,0.25,0.0,0.7,-2.5,0.9579278826713562,0.016257544140542046,0.8156542554497719,0.019842001981880807,0.6260604411363602,0.021200160560168428
14000,0.05,5.5,0.25,0.0,0.7,-2.0,0.9674537554383278,0.016254950771890635,0.8220825716853142,0.023161336189775738,0.6317788064479828,0.016065074080100092
14000,0.05,5.5,0.25,0.0,0.7,-1.5,0.9734182357788086,0.013227774058052299,0.8254081979393959,0.015656974117227065,0.6347088366746902,0.019255572960328326
14000,0.05,5.5,0.25,0.05,1.0,-3.0,0.9585038498044014,0.018500896103886576,0.7799821197986603,0.02869473487449233,0.6177019402384758,0.021911630656533686
14000,0.05,5.5,0.25,0.05,1.0,-2.5,0.9589496627449989,0.017214407807499436,0.7967596873641014,0.019639938782647824,0.6157202199101448,0.024000788866702084
14000,0.05,5.5,0.25,0.05,1.0,-2.0,0.9593929052352905,0.017602285548165654,0.8112849518656731,0.014276640880563688,0.6212530434131622,0.021901788255545493
14000,0.05,5.5,0.25,0.05,1.0,-1.5,0.977040208876133,0.01349393997428158,0.8206111043691635,0.02026019889213225,0.6236277595162392,0.01747407802849762
14000,0.05,5.5,0.25,0.05,0.95,-3.0,0.9635302945971489,0.01779383722546408,0.7915489822626114,0.0170900467087156,0.6164108589291573,0.019478819722756606
14000,0.05,5.5,0.25,0.05,0.95,-2.5,0.9608411863446236,0.017493745648656068,0.8022577166557312,0.017930010840347826,0.6171130910515785,0.018929640253927713
14000,0.05,5.5,0.25,0.05,0.95,-2.0,0.9593929052352905,0.017602285548165654,0.8129999414086342,0.013052868826964865,0.6253324300050735,0.02117591060031349
14000,0.05,5.5,0.25,0.05,0.95,-1.5,0.977040208876133,0.01349393997428158,0.8212063983082771,0.020311776907732483,0.6273450702428818,0.017478606428611012
14000,0.05,5.5,0.25,0.05,0.9,-3.0,0.9609494209289551,0.016861891698444646,0.8009460121393204,0.017074791721041326,0.621389627456665,0.024913335307712843
14000,0.05,5.5,0.25,0.05,0.9,-2.5,0.9608411863446236,0.017493745648656068,0.8042188137769699,0.01864902892982389,0.6199477910995483,0.01923606061805939
14000,0.05,5.5,0.25,0.05,0.9,-2.0,0.9593929052352905,0.017602285548165654,0.8137872219085693,0.015919930528351233,0.6265204325318336,0.021201078782792603
14000,0.05,5.5,0.25,0.05,0.9,-1.5,0.977040208876133,0.01349393997428158,0.8255254551768303,0.01934672948171265,0.626050129532814,0.018061668599073082
14000,0.05,5.5,0.25,0.05,0.85,-3.0,0.9609494209289551,0.016861891698444646,0.8024277910590172,0.01890711570404525,0.6251133978366852,0.02303090476100081
14000,0.05,5.5,0.25,0.05,0.85,-2.5,0.9608411863446236,0.017493745648656068,0.8073782101273537,0.014858767746917472,0.6181799694895744,0.015800462456133965
14000,0.05,5.5,0.25,0.05,0.85,-2.0,0.9593929052352905,0.017602285548165654,0.8146814256906509,0.0159025407093048,0.6273734197020531,0.02218255154368531
14000,0.05,5.5,0.25,0.05,0.85,-1.5,0.977040208876133,0.01349393997428158,0.8267598301172256,0.0189270886291902,0.627471350133419,0.01775366017805763
14000,0.05,5.5,0.25,0.05,0.8,-3.0,0.9611195102334023,0.014934526600523529,0.8012861832976341,0.020151477187407334,0.6263954490423203,0.020979385887962075
14000,0.05,5.5,0.25,0.05,0.8,-2.5,0.9602858424186707,0.01658625567993567,0.8087040856480598,0.014073402541754878,0.620915450155735,0.01874290691729218
14000,0.05,5.5,0.25,0.05,0.8,-2.0,0.9659114256501198,0.016635499049723588,0.8163461685180664,0.01684719932538963,0.6298009604215622,0.02092696227600048
14000,0.05,5.5,0.25,0.05,0.8,-1.5,0.9728577360510826,0.014488476221520377,0.824238233268261,0.020629148445776468,0.627928763628006,0.021710012245041925
14000,0.05,5.5,0.25,0.05,0.7,-3.0,0.9603077545762062,0.014643567156548533,0.8047793060541153,0.015410037394071709,0.621858648955822,0.0192939435847443
14000,0.05,5.5,0.25,0.05,0.7,-2.5,0.9552838802337646,0.01184541539443253,0.810116283595562,0.014090841807278005,0.6300148516893387,0.023820794190469313
14000,0.05,5.5,0.25,0.05,0.7,-2.0,0.9711079522967339,0.013908534430389037,0.8202683702111244,0.012555129374870232,0.6312956213951111,0.019571510531979853
14000,0.05,5.5,0.25,0.05,0.7,-1.5,0.9728577360510826,0.014488476221520377,0.8235901147127151,0.020172529391725102,0.6246907711029053,0.02158127963631717
14000,0.05,5.5,0.25,0.1,1.0,-3.0,0.957726888358593,0.021696653490473148,0.7966643273830414,0.01855863530719191,0.6160848736763,0.02098042703723976
14000,0.05,5.5,0.25,0.1,1.0,-2.5,0.9589496627449989,0.017214407807499436,0.8012501001358032,0.018041391822853692,0.6198086366057396,0.019742016456917658
14000,0.05,5.5,0.25,0.1,1.0,-2.0,0.9557103738188744,0.012416141615199827,0.8064002320170403,0.01569870360421563,0.6212685033679008,0.020420709030828328
14000,0.05,5.5,0.25,0.1,1.0,-1.5,0.9713411703705788,0.01690200346549069,0.8143116235733032,0.011999821222291686,0.6258001551032066,0.01813860821311381
14000,0.05,5.5,0.25,0.1,0.95,-3.0,0.9636746048927307,0.02029955898645234,0.7991150543093681,0.018964460203088482,0.6178887709975243,0.021911715084286538
14000,0.05,5.5,0.25,0.1,0.95,-2.5,0.9608411863446236,0.017493745648656068,0.8013106659054756,0.01807552735862348,0.6174030154943466,0.016210665104029354
14000,0.05,5.5,0.25,0.1,0.95,-2.0,0.9596222639083862,0.015964937343647987,0.8080843091011047,0.01647262383839716,0.6207041442394257,0.022115362261641743
14000,0.05,5.5,0.25,0.1,0.95,-1.5,0.9713411703705788,0.01690200346549069,0.8140822723507881,0.01208939031740105,0.6265771239995956,0.01721756048007666
14000,0.05,5.5,0.25,0.1,0.9,-3.0,0.960909478366375,0.019435727440118327,0.8023182675242424,0.016808292462794125,0.6270951107144356,0.020251042513787048
14000,0.05,5.5,0.25,0.1,0.9,-2.5,0.9608411863446236,0.017493745648656068,0.8055794686079025,0.015482996820404757,0.6179235577583313,0.015268172972915918
14000,0.05,5.5,0.25,0.1,0.9,-2.0,0.9596222639083862,0.015964937343647987,0.8060858473181725,0.017612165073583524,0.6231394112110138,0.019133909312085768
14000,0.05,5.5,0.25,0.1,0.9,-1.5,0.9750636518001556,0.016477094350193486,0.8135552853345871,0.00938764603779035,0.6251932680606842,0.017192829290907683
14000,0.05,5.5,0.25,0.1,0.85,-3.0,0.9635045230388641,0.020171048872143733,0.802228070795536,0.018474240213659596,0.6276478618383408,0.021046858230496766
14000,0.05,5.5,0.25,0.1,0.85,-2.5,0.9608411863446236,0.017493745648656068,0.8077402785420418,0.01523664021769151,0.6197996139526367,0.01808454385074054
14000,0.05,5.5,0.25,0.1,0.85,-2.0,0.9617109224200249,0.018071725586828433,0.8057366535067558,0.01834871118814438,0.6257795542478561,0.01748270180034622
14000,0.05,5.5,0.25,0.1,0.85,-1.5,0.9750636518001556,0.016477094350193486,0.8133993595838547,0.011772013431687692,0.6232798546552658,0.0152091649780693
14000,0.05,5.5,0.25,0.1,0.8,-3.0,0.9652053415775299,0.018749400544511526,0.8046633303165436,0.01910821928383975,0.626886360347271,0.021701694001731206
14000,0.05,5.5,0.25,0.1,0.8,-2.5,0.9563739523291588,0.013400631257454953,0.8099088296294212,0.01723146039895358,0.6192442625761032,0.020592867152635003
14000,0.05,5.5,0.25,0.1,0.8,-2.0,0.9674305766820908,0.018113278726509086,0.8088548257946968,0.01460575106422203,0.6253388822078705,0.01688996217894366
14000,0.05,5.5,0.25,0.1,0.8,-1.5,0.9750636518001556,0.016477094350193486,0.8152109980583191,0.011693091864767814,0.6231613159179688,0.019131951220482495
14000,0.05,5.5,0.25,0.1,0.7,-3.0,0.9652053415775299,0.018749400544511526,0.8052560538053513,0.01856574363478979,0.6222928613424301,0.015588934495996546
14000,0.05,5.5,0.25,0.1,0.7,-2.5,0.9611929506063461,0.016892780266718137,0.8083986937999725,0.013740514679087403,0.6244601234793663,0.017674159336453308
14000,0.05,5.5,0.25,0.1,0.7,-2.0,0.9713411703705788,0.01690200346549069,0.8136635050177574,0.013038904316023513,0.6279661282896996,0.015199707096854524
14000,0.05,5.5,0.25,0.1,0.7,-1.5,0.9750636518001556,0.016477094350193486,0.8150151520967484,0.01063563033480874,0.6289801821112633,0.02474851190560135
14000,0.05,5.5,0.25,0.15,1.0,-3.0,0.9553792402148247,0.020746423478935325,0.794850118458271,0.015186628564810782,0.618133582174778,0.01987344000452034
14000,0.05,5.5,0.25,0.15,1.0,-2.5,0.9624531045556068,0.017465405991219887,0.8032034710049629,0.008802847032884932,0.6153439730405807,0.019089398458960957
14000,0.05,5.5,0.25,0.15,1.0,-2.0,0.9527764543890953,0.013113211753196817,0.805822990834713,0.015704366945026475,0.6182907894253731,0.015511787395001165
14000,0.05,5.5,0.25,0.15,1.0,-1.5,0.9726696088910103,0.01742404816944749,0.814410850405693,0.01602273984299969,0.6247062236070633,0.019458229585642056
14000,0.05,5.5,0.25,0.15,0.95,-3.0,0.9646731913089752,0.021889846110809935,0.8034173548221588,0.01394624899702607,0.622672975063324,0.01617122558456451
14000,0.05,5.5,0.25,0.15,0.95,-2.5,0.9624531045556068,0.017465405991219887,0.805739238858223,0.013210011618192054,0.6165628954768181,0.01284637514100299
14000,0.05,5.5,0.25,0.15,0.95,-2.0,0.9550944715738297,0.014811388360903522,0.8059015944600105,0.016938982731927614,0.6159534454345703,0.01291903577857801
14000,0.05,5.5,0.25,0.15,0.95,-1.5,0.9726696088910103,0.01742404816944749,0.8137034550309181,0.0123472019983522,0.625027060508728,0.020354874460448123
14000,0.05,5.5,0.25,0.15,0.9,-3.0,0.9635045230388641,0.020171048872143733,0.8032910898327827,0.015500063439976305,0.6187585145235062,0.01797106182671111
14000,0.05,5.5,0.25,0.15,0.9,-2.5,0.9607522860169411,0.018735247176449085,0.8071230873465538,0.012555858263335877,0.6188615933060646,0.016738736942268864
14000,0.05,5.5,0.25,0.15,0.9,-2.0,0.9550944715738297,0.014811388360903522,0.8076771572232246,0.01524042634657221,0.6204902529716492,0.015697515855912537
14000,0.05,5.5,0.25,0.15,0.9,-1.5,0.9726696088910103,0.01742404816944749,0.8135140463709831,0.012506347686012732,0.6243351399898529,0.01983794467683764
14000,0.05,5.5,0.25,0.15,0.85,-3.0,0.9635045230388641,0.020171048872143733,0.8054699450731277,0.013582323122814365,0.6240954771637917,0.019886666324282615
14000,0.05,5.5,0.25,0.15,0.85,-2.5,0.9562850520014763,0.014958642682590909,0.8069890812039375,0.013060743262307379,0.6192958131432533,0.01661580985869302
14000,0.05,5.5,0.25,0.15,0.85,-2.0,0.9608437642455101,0.01948806766168293,0.8091305792331696,0.013218316726369563,0.6225222200155258,0.01610291293734704
14000,0.05,5.5,0.25,0.15,0.85,-1.5,0.9743717238306999,0.016386507213898206,0.8138155564665794,0.012627234009209502,0.6251919940114021,0.019299526464296803
14000,0.05,5.5,0.25,0.15,0.8,-3.0,0.9635045230388641,0.020171048872143733,0.8043463677167892,0.015821369084676823,0.6264572963118553,0.02214372247968375
14000,0.05,5.5,0.25,0.15,0.8,-2.5,0.954673133790493,0.014313173261389462,0.8059415370225906,0.015534850845783906,0.6276105046272278,0.017648863122675686
14000,0.05,5.5,0.25,0.15,0.8,-2.0,0.9711440354585648,0.0149972469047775,0.8099951520562172,0.012620236389273218,0.6246379390358925,0.017526998401116246
14000,0.05,5.5,0.25,0.15,0.8,-1.5,0.9743717238306999,0.016386507213898206,0.8137756139039993,0.012534140088121449,0.6273579597473145,0.02201070683695452
14000,0.05,5.5,0.25,0.15,0.7,-3.0,0.9635045230388641,0.020171048872143733,0.8074864447116852,0.014714090713900506,0.6245155185461044,0.016113915148441314
14000,0.05,5.5,0.25,0.15,0.7,-2.5,0.954673133790493,0.014313173261389462,0.8070354759693146,0.014780908539721036,0.6230556517839432,0.01335031073340418
14000,0.05,5.5,0.25,0.15,0.7,-2.0,0.974934808909893,0.014542993384984361,0.812632717192173,0.015783403843045034,0.6272729113698006,0.017167567906549525
14000,0.05,5.5,0.25,0.15,0.7,-1.5,0.9743717238306999,0.016386507213898206,0.8140925914049149,0.013619842574351374,0.6276195272803307,0.02185777456393992
14000,0.05,5.5,0.25,0.2,1.0,-3.0,0.9566045999526978,0.021633219641128267,0.7882607206702232,0.024864336713631027,0.6207814514636993,0.019262492382680695
14000,0.05,5.5,0.25,0.2,1.0,-2.5,0.9656498730182648,0.02055599800421617,0.7949428930878639,0.014497776186293934,0.6070331558585167,0.009278585905826923
14000,0.05,5.5,0.25,0.2,1.0,-2.0,0.9593014270067215,0.0166433609973392,0.8021688014268875,0.009497896251911747,0.6139755994081497,0.009109477847273138
14000,0.05,5.5,0.25,0.2,1.0,-1.5,0.9743717238306999,0.016386507213898206,0.8093972876667976,0.014562253554739406,0.6183655112981796,0.01748349190454021
14000,0.05,5.5,0.25,0.2,0.95,-3.0,0.9623564630746841,0.02204517332380307,0.7979773208498955,0.013878360757214018,0.614643044769764,0.01709294661755622
14000,0.05,5.5,0.25,0.2,0.95,-2.5,0.9656498730182648,0.02055599800421617,0.7977840304374695,0.00929982446803306,0.608793243765831,0.009826719303721101
14000,0.05,5.5,0.25,0.2,0.95,-2.0,0.9616194441914558,0.01715145389364773,0.8018904849886894,0.008496743494612234,0.6172934770584106,0.011820712031464882
14000,0.05,5.5,0.25,0.2,0.95,-1.5,0.9714442491531372,0.016103692003784916,0.8096343651413918,0.014407026805576324,0.6190381199121475,0.01922470715049789
14000,0.05,5.5,0.25,0.2,0.9,-3.0,0.9623564630746841,0.02204517332380307,0.7987336590886116,0.01160766390033995,0.6148388981819153,0.013072263037346921
14000,0.05,5.5,0.25,0.2,0.9,-2.5,0.9656498730182648,0.02055599800421617,0.7975688576698303,0.00961988571495694,0.61363285779953,0.007897912637104897
14000,0.05,5.5,0.25,0.2,0.9,-2.0,0.9635109677910805,0.017139654666861667,0.801746167242527,0.008315340847225518,0.6189453303813934,0.011941278507784472
14000,0.05,5.5,0.25,0.2,0.9,-1.5,0.9714442491531372,0.016103692003784916,0.8109744042158127,0.013197491964345668,0.6186824887990952,0.019609832786873185
14000,0.05,5.5,0.25,0.2,0.85,-3.0,0.9623371362686157,0.022027387694327306,0.8034701868891716,0.008462161479960633,0.6159560233354568,0.016909672407735544
14000,0.05,5.5,0.25,0.2,0.85,-2.5,0.9623500257730484,0.016230181336607443,0.8000350520014763,0.0074045212609220685,0.613071084022522,0.004853729766893448
14000,0.05,5.5,0.25,0.2,0.85,-2.0,0.9635109677910805,0.017139654666861667,0.8035487830638885,0.008198011290315582,0.6225080415606499,0.016031257028311995
14000,0.05,5.5,0.25,0.2,0.85,-1.5,0.9734646156430244,0.016797756314531235,0.8100067526102066,0.01049500747330877,0.6174919158220291,0.018379061643080674
14000,0.05,5.5,0.25,0.2,0.8,-3.0,0.9623371362686157,0.022027387694327306,0.8030810654163361,0.005205352372759882,0.6168798729777336,0.017396441117195047
14000,0.05,5.5,0.25,0.2,0.8,-2.5,0.9623500257730484,0.016230181336607443,0.8034019023180008,0.009096962970779566,0.619709424674511,0.009849323847670515
14000,0.05,5.5,0.25,0.2,0.8,-2.0,0.9719197154045105,0.01110520493133345,0.8055987879633904,0.010486480935394454,0.6223250702023506,0.015828425695171473
14000,0.05,5.5,0.25,0.2,0.8,-1.5,0.9734646156430244,0.016797756314531235,0.8108494356274605,0.009955173640758002,0.6169352754950523,0.01384110342072659
14000,0.05,5.5,0.25,0.2,0.7,-3.0,0.9635045230388641,0.020171048872143733,0.806634746491909,0.006100050412021525,0.6187623664736748,0.018863676172028422
14000,0.05,5.5,0.25,0.2,0.7,-2.5,0.9623500257730484,0.016230181336607443,0.8044816628098488,0.007688470069390484,0.6238248944282532,0.01388625081178901
14000,0.05,5.5,0.25,0.2,0.7,-2.0,0.9735161736607552,0.007822562719394605,0.8077776357531548,0.0065268580297287455,0.6221330836415291,0.019477423100878542
14000,0.05,5.5,0.25,0.2,0.7,-1.5,0.9734646156430244,0.016797756314531235,0.8139147758483887,0.01274956740619427,0.6186889335513115,0.016956514036032322
14000,0.05,5.5,0.25,0.25,1.0,-3.0,0.9632725864648819,0.019639339666577518,0.7892838045954704,0.016476358407937337,0.6077779084444046,0.020395683569667877
14000,0.05,5.5,0.25,0.25,1.0,-2.5,0.9656498730182648,0.02055599800421617,0.7894706279039383,0.02295768324004563,0.6119011119008064,0.012326026068126626
14000,0.05,5.5,0.25,0.25,1.0,-2.0,0.9607303738594055,0.018721288811098767,0.8042265400290489,0.009731250979561554,0.6220184043049812,0.018645217504594427
14000,0.05,5.5,0.25,0.25,1.0,-1.5,0.9734349772334099,0.015947488937951934,0.8046027794480324,0.008960158181532809,0.6171968504786491,0.013879836667526603
14000,0.05,5.5,0.25,0.25,0.95,-3.0,0.9675336554646492,0.021340974576131936,0.7959440723061562,0.01772672947568946,0.6125621125102043,0.017707136864412377
14000,0.05,5.5,0.25,0.25,0.95,-2.5,0.9656498730182648,0.02055599800421617,0.7974632009863853,0.012988199815386818,0.6162265986204147,0.015011590832602869
14000,0.05,5.5,0.25,0.25,0.95,-2.0,0.9635290056467056,0.01895968036552836,0.8027447685599327,0.011055505976374953,0.6226716861128807,0.017689147307511914
14000,0.05,5.5,0.25,0.25,0.95,-1.5,0.9734349772334099,0.015947488937951934,0.8052199706435204,0.008483789501293403,0.6197055652737617,0.012795681364849898
14000,0.05,5.5,0.25,0.25,0.9,-3.0,0.9659488052129745,0.020613992718442945,0.7956734821200371,0.011223450759778684,0.6159598976373672,0.018202537769898816
14000,0.05,5.5,0.25,0.25,0.9,-2.5,0.9666935577988625,0.01976660497162648,0.8013931214809418,0.00948405896908352,0.6187726855278015,0.012991848514983247
14000,0.05,5.5,0.25,0.25,0.9,-2.0,0.9620639756321907,0.01919295423064026,0.8027769699692726,0.010581412429783126,0.6253788247704506,0.019025356324643743
14000,0.05,5.5,0.25,0.25,0.9,-1.5,0.9734349772334099,0.015947488937951934,0.8068589419126511,0.010415883879714436,0.622323788702488,0.014739873823442244
14000,0.05,5.5,0.25,0.25,0.85,-3.0,0.9659488052129745,0.020613992718442945,0.7965367585420609,0.016993390140108828,0.6181773990392685,0.0158828367738949
14000,0.05,5.5,0.25,0.25,0.85,-2.5,0.960334800183773,0.01766626782025877,0.803186722099781,0.008780806999142325,0.624131552875042,0.01430788535679723
14000,0.05,5.5,0.25,0.25,0.85,-2.0,0.9692950397729874,0.013929293525367512,0.8026120439171791,0.009731930015379446,0.6282985657453537,0.021215984329129717
14000,0.05,5.5,0.25,0.25,0.85,-1.5,0.9734349772334099,0.015947488937951934,0.80606909096241,0.010692101109264588,0.6221562772989273,0.014280866108170764
14000,0.05,5.5,0.25,0.25,0.8,-3.0,0.9648213610053062,0.02009606304523419,0.801871158182621,0.013617958784635896,0.6192004606127739,0.017719000150440027
14000,0.05,5.5,0.25,0.25,0.8,-2.5,0.9595707207918167,0.01832901660875155,0.8024458289146423,0.005504928087703651,0.6273592486977577,0.017715897530670675
14000,0.05,5.5,0.25,0.25,0.8,-2.0,0.9695733487606049,0.011928510073637624,0.8054093793034554,0.013715808087351174,0.6244987770915031,0.020184454242546297
14000,0.05,5.5,0.25,0.25,0.8,-1.5,0.9742763713002205,0.016413723834398694,0.8069156408309937,0.0112257891965781,0.6221665889024734,0.01471577083057704
14000,0.05,5.5,0.25,0.25,0.7,-3.0,0.9640379548072815,0.02082896163839147,0.7977788746356964,0.010057633366967338,0.6206976994872093,0.016798248758301042
14000,0.05,5.5,0.25,0.25,0.7,-2.5,0.9605551362037659,0.01826266870234351,0.8011895418167114,0.010675964392371772,0.6293242201209068,0.017969248573716446
14000,0.05,5.5,0.25,0.25,0.7,-2.0,0.9756138473749161,0.009672642199621917,0.8067184910178185,0.013290193709859706,0.6241637617349625,0.015933962804887607
14000,0.05,5.5,0.25,0.25,0.7,-1.5,0.9742763713002205,0.016413723834398694,0.8075908124446869,0.009519289538879004,0.623029887676239,0.014869933539308072
14000,0.05,5.5,0.25,0.3,1.0,-3.0,0.9647633731365204,0.02219745306778776,0.7838682308793068,0.021416823757297355,0.6054315492510796,0.01569861171973296
14000,0.05,5.5,0.25,0.3,1.0,-2.5,0.9688801392912865,0.019906395969324232,0.7796690165996552,0.024472009099387963,0.6173025071620941,0.013892060302773113
14000,0.05,5.5,0.25,0.3,1.0,-2.0,0.9625484496355057,0.017255863246328784,0.7994771227240562,0.009539378521611888,0.6208987087011337,0.019176531333731612
14000,0.05,5.5,0.25,0.3,1.0,-1.5,0.9749541208148003,0.01633452344757348,0.8003365620970726,0.011004896377367394,0.6187237128615379,0.018364413928425805
14000,0.05,5.5,0.25,0.3,0.95,-3.0,0.9686507880687714,0.02047465005153369,0.7834623530507088,0.022724906560561458,0.6140039563179016,0.017971371422233116
14000,0.05,5.5,0.25,0.3,0.95,-2.5,0.9688801392912865,0.019906395969324232,0.785293310880661,0.022956137219121896,0.6190110519528389,0.016216059935982376
14000,0.05,5.5,0.25,0.3,0.95,-2.0,0.9619467183947563,0.01768442236727869,0.8009331375360489,0.008949787194430483,0.6249175444245338,0.02331788976440533
14000,0.05,5.5,0.25,0.3,0.95,-1.5,0.9738640487194061,0.016372570061402907,0.8022886365652084,0.010082436579146571,0.6181168332695961,0.013919577731615852
14000,0.05,5.5,0.25,0.3,0.9,-3.0,0.9686507880687714,0.02047465005153369,0.7842676714062691,0.022623979500971166,0.6174545511603355,0.0160427227621607
14000,0.05,5.5,0.25,0.3,0.9,-2.5,0.9653973206877708,0.018156897479762235,0.7917164787650108,0.024064058447943973,0.6241083666682243,0.01613721492918138
14000,0.05,5.5,0.25,0.3,0.9,-2.0,0.9700591191649437,0.01246230650804341,0.802999883890152,0.01178767898363636,0.6237076446413994,0.02355566779041748
14000,0.05,5.5,0.25,0.3,0.9,-1.5,0.9738640487194061,0.016372570061402907,0.8021082505583763,0.010031198481679807,0.6194684728980064,0.013054942474946048
14000,0.05,5.5,0.25,0.3,0.85,-3.0,0.9686507880687714,0.02047465005153369,0.7921120598912239,0.01822006797127907,0.6190123409032822,0.0165273591396382
14000,0.05,5.5,0.25,0.3,0.85,-2.5,0.9619209468364716,0.01714485613568557,0.7967068552970886,0.015460033989783612,0.6286812573671341,0.01732587473835669
14000,0.05,5.5,0.25,0.3,0.85,-2.0,0.9692950397729874,0.013929293525367512,0.8012140169739723,0.009696451072595327,0.6230144277215004,0.022380592166795017
14000,0.05,5.5,0.25,0.3,0.85,-1.5,0.9738640487194061,0.016372570061402907,0.8023066744208336,0.010169991711907841,0.6223199218511581,0.014561069069457984
14000,0.05,5.5,0.25,0.3,0.8,-3.0,0.9688994660973549,0.019919727609251987,0.7891265973448753,0.021235694645934878,0.6220003738999367,0.021268790770495188
14000,0.05,5.5,0.25,0.3,0.8,-2.5,0.9613192155957222,0.017554625997895496,0.7974232509732246,0.010887205820043456,0.6251211315393448,0.01530741445735711
14000,0.05,5.5,0.25,0.3,0.8,-2.0,0.9733138754963875,0.009052729411032868,0.8035204410552979,0.015431937096572345,0.6262769028544426,0.020568933281752643
14000,0.05,5.5,0.25,0.3,0.8,-1.5,0.9759527072310448,0.016741464738237358,0.804455891251564,0.00962836177036222,0.6209077313542366,0.00907169701648691
14000,0.05,5.5,0.25,0.3,0.7,-3.0,0.9622147306799889,0.022431605429792573,0.7985867708921432,0.014703687207182323,0.6289093121886253,0.019872111757753396
14000,0.05,5.5,0.25,0.3,0.7,-2.5,0.9622263237833977,0.017791916115071936,0.8009357154369354,0.01430024771034225,0.6287083029747009,0.02333465940346634
14000,0.05,5.5,0.25,0.3,0.7,-2.0,0.9733138754963875,0.009052729411032868,0.8041530922055244,0.014288490743643353,0.6212169751524925,0.017112330285689925
14000,0.05,5.5,0.25,0.3,0.7,-1.5,0.9803915992379189,0.011222365488567823,0.8038464337587357,0.0109761158290403,0.6263297349214554,0.013808956222455935
14000,0.05,5.5,0.25,0.4,1.0,-3.0,0.9691442847251892,0.013147168992695331,0.7780467867851257,0.022070748494349573,0.6054264008998871,0.022922988773716124
14000,0.05,5.5,0.25,0.4,1.0,-2.5,0.9703644886612892,0.02047636592223368,0.778161458671093,0.021360600112822037,0.6107298582792282,0.01671750035519206
14000,0.05,5.5,0.25,0.4,1.0,-2.0,0.9743330776691437,0.009129938309929898,0.7890170812606812,0.019888194904618132,0.6150811240077019,0.012127117012472667
14000,0.05,5.5,0.25,0.4,1.0,-1.5,0.9764990359544754,0.01733798479681103,0.7985854893922806,0.011999309383562369,0.6195986121892929,0.015310603563162821
14000,0.05,5.5,0.25,0.4,0.95,-3.0,0.9698039889335632,0.02080493224452305,0.785740427672863,0.018351806603450354,0.6117129921913147,0.025710707742684104
14000,0.05,5.5,0.25,0.4,0.95,-2.5,0.9703644886612892,0.02047636592223368,0.7767995148897171,0.021683374347604478,0.6104798913002014,0.013803720465428116
14000,0.05,5.5,0.25,0.4,0.95,-2.0,0.9743330776691437,0.009129938309929898,0.7906805276870728,0.021712522325972566,0.6201719865202904,0.013922624778838086
14000,0.05,5.5,0.25,0.4,0.95,-1.5,0.9764990359544754,0.01733798479681103,0.798147402703762,0.01234182793727937,0.6202054992318153,0.01754079626993156
14000,0.05,5.5,0.25,0.4,0.9,-3.0,0.9698039889335632,0.02080493224452305,0.7850046902894974,0.018904772594480306,0.6149870753288269,0.02128946972630546
14000,0.05,5.5,0.25,0.4,0.9,-2.5,0.9660196676850319,0.017775617167344725,0.7808119133114815,0.02177061981655949,0.6129551008343697,0.013915779825951883
14000,0.05,5.5,0.25,0.4,0.9,-2.0,0.9743330776691437,0.009129938309929898,0.7881035357713699,0.017193607030069464,0.6204103603959084,0.014351805463004654
14000,0.05,5.5,0.25,0.4,0.9,-1.5,0.9764990359544754,0.01733798479681103,0.7963396310806274,0.016403498040117082,0.6194336786866188,0.018080196181013527
14000,0.05,5.5,0.25,0.4,0.85,-3.0,0.9713888391852379,0.02123972523321881,0.7826325669884682,0.018995227398956194,0.6142655089497566,0.016026078196168324
14000,0.05,5.5,0.25,0.4,0.85,-2.5,0.9660196676850319,0.017775617167344725,0.7864400818943977,0.014457400080465688,0.6191708222031593,0.012822527828844736
14000,0.05,5.5,0.25,0.4,0.85,-2.0,0.9750391766428947,0.008809208729760562,0.7929586097598076,0.016815183861267614,0.6203446537256241,0.014741799642369793
14000,0.05,5.5,0.25,0.4,0.85,-1.5,0.9779524654150009,0.017031433391933186,0.7956425473093987,0.01706976689153573,0.617922268807888,0.01763266796211755
14000,0.05,5.5,0.25,0.4,0.8,-3.0,0.9703541845083237,0.019643743408343038,0.7834108099341393,0.018995741580103146,0.6139420866966248,0.015164454357218285
14000,0.05,5.5,0.25,0.4,0.8,-2.5,0.965147353708744,0.01983397329564196,0.787407748401165,0.011268042250265014,0.6201024055480957,0.012375313162712759
14000,0.05,5.5,0.25,0.4,0.8,-2.0,0.9770698547363281,0.005829185835102706,0.7956335321068764,0.01577927771660741,0.6200070604681969,0.01673309635583563
14000,0.05,5.5,0.25,0.4,0.8,-1.5,0.9779524654150009,0.017031433391933186,0.7967841625213623,0.015604922352631619,0.6174403578042984,0.015692677206973996
14000,0.05,5.5,0.25,0.4,0.7,-3.0,0.9704379364848137,0.01956749560325683,0.7868665680289268,0.0199384075418487,0.6187005266547203,0.0190913733367995
14000,0.05,5.5,0.25,0.4,0.7,-2.5,0.9675388187170029,0.016332952070758234,0.7883470579981804,0.010768973653222809,0.6223675981163979,0.01471747803584268
14000,0.05,5.5,0.25,0.4,0.7,-2.0,0.9780465364456177,0.005793021395367126,0.7929431423544884,0.015805367040877944,0.6185497716069221,0.01803886519663301
14000,0.05,5.5,0.25,0.4,0.7,-1.5,0.9779524654150009,0.017031433391933186,0.7946246266365051,0.018096893888945673,0.6154109835624695,0.014809463062806422
14000,0.05,5.5,0.25,0.5,1.0,-3.0,0.967537522315979,0.009948795804001213,0.7644466683268547,0.02790721714484463,0.5959082394838333,0.02449989869639795
14000,0.05,5.5,0.25,0.5,1.0,-2.5,0.971145324409008,0.02085503003016105,0.7802514061331749,0.0229190969778181,0.606151819229126,0.016479506870348975
14000,0.05,5.5,0.25,0.5,1.0,-2.0,0.9732095077633858,0.008470784879129417,0.7884991094470024,0.01903748620693418,0.6114436909556389,0.0036013837390441563
14000,0.05,5.5,0.25,0.5,1.0,-1.5,0.9719944447278976,0.01912295162777859,0.7950820550322533,0.020871621130389352,0.6173862442374229,0.013988828028648835
14000,0.05,5.5,0.25,0.5,0.95,-3.0,0.9711324498057365,0.019398735366664917,0.7714638262987137,0.01946861307251992,0.6034189164638519,0.02077640580205188
14000,0.05,5.5,0.25,0.5,0.95,-2.5,0.9704263359308243,0.0203386305288043,0.77934430539608,0.023511422661467274,0.6083899438381195,0.01758690332973545
14000,0.05,5.5,0.25,0.5,0.95,-2.0,0.974612683057785,0.008957827444589575,0.7882736250758171,0.01862029519776996,0.615624874830246,0.005072243648954132
14000,0.05,5.5,0.25,0.5,0.95,-1.5,0.9749141857028008,0.016657098918328346,0.7971024215221405,0.01953765833052344,0.6189389005303383,0.0158263885894494
14000,0.05,5.5,0.25,0.5,0.9,-3.0,0.9705822542309761,0.020594559492194124,0.7728644385933876,0.02124464992392275,0.6070318594574928,0.019989517290141916
14000,0.05,5.5,0.25,0.5,0.9,-2.5,0.9661008417606354,0.017650140259864635,0.7787026315927505,0.02618857263121735,0.6104579865932465,0.012195080520688968
14000,0.05,5.5,0.25,0.5,0.9,-2.0,0.974612683057785,0.008957827444589575,0.7888354063034058,0.022256519622790318,0.6194465607404709,0.016631665815284465
14000,0.05,5.5,0.25,0.5,0.9,-1.5,0.9749141857028008,0.016657098918328346,0.796967126429081,0.019742069172725436,0.6210726499557495,0.016358622033872113
14000,0.05,5.5,0.25,0.5,0.85,-3.0,0.9704263359308243,0.0203386305288043,0.7803738191723824,0.017068760430571542,0.6189440563321114,0.025542026142363738
14000,0.05,5.5,0.25,0.5,0.85,-2.5,0.9661008417606354,0.017650140259864635,0.7856631129980087,0.021002618880860885,0.6100881770253181,0.011708392349489526
14000,0.05,5.5,0.25,0.5,0.85,-2.0,0.974612683057785,0.008957827444589575,0.7895569652318954,0.02005716770290788,0.6206332817673683,0.016260205845942597
14000,0.05,5.5,0.25,0.5,0.85,-1.5,0.9749141857028008,0.016657098918328346,0.796258457005024,0.020398625345301118,0.6210726499557495,0.016358622033872113
14000,0.05,5.5,0.25,0.5,0.8,-3.0,0.9698877409100533,0.0207351777114047,0.7847895175218582,0.018133379493471602,0.6182572767138481,0.018883389223594945
14000,0.05,5.5,0.25,0.5,0.8,-2.5,0.9679446890950203,0.01358222624059785,0.7848526537418365,0.021370004802248044,0.6155991107225418,0.012482783953369757
14000,0.05,5.5,0.25,0.5,0.8,-2.0,0.9766433611512184,0.0061929043221463425,0.7908248454332352,0.0192294301835489,0.6201488003134727,0.018213901946488642
14000,0.05,5.5,0.25,0.5,0.8,-1.5,0.9749141857028008,0.016657098918328346,0.7967313304543495,0.020437265201544673,0.6203304752707481,0.01570802422351275
14000,0.05,5.5,0.25,0.5,0.7,-3.0,0.9655622467398643,0.017976534006430237,0.7839468345046043,0.017545721917595923,0.6224010959267616,0.020281069251334733
14000,0.05,5.5,0.25,0.5,0.7,-2.5,0.973724901676178,0.009729915223570071,0.7899679839611053,0.018370643132529757,0.6206190958619118,0.021620096520868774
14000,0.05,5.5,0.25,0.5,0.7,-2.0,0.9780465364456177,0.005793021395367126,0.7911572754383087,0.01736506360344432,0.6222426146268845,0.02052693495127127
14000,0.05,5.5,0.25,0.5,0.7,-1.5,0.9756666645407677,0.016709229596629308,0.7957172766327858,0.01734883928153701,0.625755064189434,0.018318378918162095
14000,0.05,5.5,0.25,0.75,1.0,-3.0,0.9646538570523262,0.009297690912428894,0.7462981417775154,0.027216606095993443,0.5714718326926231,0.02716210184932724
14000,0.05,5.5,0.25,0.75,1.0,-2.5,0.9595449641346931,0.012447083139238004,0.7512936443090439,0.0203439948345409,0.5919731557369232,0.01916758749980878
14000,0.05,5.5,0.25,0.75,1.0,-2.0,0.9667953476309776,0.014340635009584221,0.7786407843232155,0.014143196976750452,0.5992042198777199,0.013492570514241905
14000,0.05,5.5,0.25,0.75,1.0,-1.5,0.9684613719582558,0.016827946284510932,0.7930926084518433,0.011776654465494148,0.6036933586001396,0.006816918486667807
14000,0.05,5.5,0.25,0.75,0.95,-3.0,0.9655609652400017,0.009422562299413875,0.7523347660899162,0.0276573114556432,0.5796718522906303,0.028150371061088583
14000,0.05,5.5,0.25,0.75,0.95,-2.5,0.959106869995594,0.015265495585025551,0.7591058313846588,0.01828568468151677,0.595511369407177,0.018968447096046035
14000,0.05,5.5,0.25,0.75,0.95,-2.0,0.9667953476309776,0.014340635009584221,0.7796715870499611,0.016462166143416723,0.6013186573982239,0.007928729668662647
14000,0.05,5.5,0.25,0.75,0.95,-1.5,0.9684613719582558,0.016827946284510932,0.7935912609100342,0.01166522673895902,0.6039742603898048,0.006764743492019384
14000,0.05,5.5,0.25,0.75,0.9,-3.0,0.962611585855484,0.01160882517851596,0.7552454918622971,0.025845777805143487,0.5839367806911469,0.020901525259828278
14000,0.05,5.5,0.25,0.75,0.9,-2.5,0.9581456482410431,0.014473370601933915,0.7629326805472374,0.018333370492036406,0.6003161892294884,0.016322486055672405
14000,0.05,5.5,0.25,0.75,0.9,-2.0,0.9643562138080597,0.017857571823190165,0.7857314050197601,0.01265864547810365,0.6034304946660995,0.006557594844898771
14000,0.05,5.5,0.25,0.75,0.9,-1.5,0.9742415845394135,0.013689451529859644,0.796123169362545,0.008885828337388829,0.6049818694591522,0.00775038314561457
14000,0.05,5.5,0.25,0.75,0.85,-3.0,0.962611585855484,0.01160882517851596,0.7606997117400169,0.021678239623938448,0.5921947807073593,0.022856864314868785
14000,0.05,5.5,0.25,0.75,0.85,-2.5,0.9581456482410431,0.014473370601933915,0.7673019915819168,0.018057944153690386,0.600441187620163,0.014041419138147338
14000,0.05,5.5,0.25,0.75,0.85,-2.0,0.9654256701469421,0.017581125381015802,0.7906431555747986,0.01008444924447033,0.6040476933121681,0.005141263160234581
14000,0.05,5.5,0.25,0.75,0.85,-1.5,0.9742415845394135,0.013689451529859644,0.7970367148518562,0.011792138469964443,0.6043801307678223,0.007808577858216999
14000,0.05,5.5,0.25,0.75,0.8,-3.0,0.9570839256048203,0.013253202790765795,0.7702900171279907,0.01398159043513597,0.594927690923214,0.0193419520053979
14000,0.05,5.5,0.25,0.75,0.8,-2.5,0.9581456482410431,0.014473370601933915,0.7766281440854073,0.01928154331685858,0.6058064997196198,0.01202737106025783
14000,0.05,5.5,0.25,0.75,0.8,-2.0,0.9650326743721962,0.017508928237629687,0.7906560525298119,0.015355201734931595,0.6044587194919586,0.006527354189232708
14000,0.05,5.5,0.25,0.75,0.8,-1.5,0.9742415845394135,0.013689451529859644,0.7986731082201004,0.01121501099345896,0.6044458523392677,0.008137550423102019
14000,0.05,5.5,0.25,0.75,0.7,-3.0,0.958533488214016,0.012023090780569755,0.7797927036881447,0.0191202240926029,0.6085741966962814,0.008982003517398683
14000,0.05,5.5,0.25,0.75,0.7,-2.5,0.9612264484167099,0.015956329366920426,0.788403756916523,0.011223041201456948,0.6097505986690521,0.007719871451902416
14000,0.05,5.5,0.25,0.75,0.7,-2.0,0.9613089114427567,0.02058035519515721,0.7953204214572906,0.01074601467940258,0.6034730300307274,0.007489123349211417
14000,0.05,5.5,0.25,0.75,0.7,-1.5,0.9742415845394135,0.013689451529859644,0.7980494648218155,0.01174704015727084,0.6043337434530258,0.00861290471938875
14000,0.05,5.5,0.25,1.0,1.0,-3.0,0.9538446217775345,0.027221397878035323,0.7164216712117195,0.02488224955207366,0.5451439023017883,0.02752903791685926
14000,0.05,5.5,0.25,1.0,1.0,-2.5,0.9685245230793953,0.014756783203640956,0.737303115427494,0.03213677998625015,0.5671167001128197,0.02389313133547925
14000,0.05,5.5,0.25,1.0,1.0,-2.0,0.9604533389210701,0.02280521116415456,0.7478945925831795,0.02890649537976253,0.5695377960801125,0.022551290376605606
14000,0.05,5.5,0.25,1.0,1.0,-1.5,0.9656253829598427,0.027281899214271838,0.7801663726568222,0.021297420418596252,0.5787003263831139,0.022666870440181897
14000,0.05,5.5,0.25,1.0,0.95,-3.0,0.964874193072319,0.013849281615238136,0.726014569401741,0.027617840477885746,0.5532923713326454,0.027011189613689996
14000,0.05,5.5,0.25,1.0,0.95,-2.5,0.9701042249798775,0.013308445047474533,0.7452029138803482,0.026112234625521515,0.5684090629220009,0.024042395604571554
14000,0.05,5.5,0.25,1.0,0.95,-2.0,0.9586391299962997,0.026209645484126277,0.7528759241104126,0.028409359245308,0.5708778351545334,0.023573245734058865
14000,0.05,5.5,0.25,1.0,0.95,-1.5,0.96590755879879,0.027411508884618335,0.7799550592899323,0.022437270636748975,0.5853966549038887,0.013586603450553193
14000,0.05,5.5,0.25,1.0,0.9,-3.0,0.9663108736276627,0.012799450229401295,0.726147286593914,0.029527701700651977,0.5646891668438911,0.0251239813670606
14000,0.05,5.5,0.25,1.0,0.9,-2.5,0.9701042249798775,0.013308445047474533,0.7471588477492332,0.023814234877794487,0.568820096552372,0.021997609665787735
14000,0.05,5.5,0.25,1.0,0.9,-2.0,0.9586391299962997,0.026209645484126277,0.7575931325554848,0.024056564276693018,0.5721753537654877,0.023637128152740945
14000,0.05,5.5,0.25,1.0,0.9,-1.5,0.96590755879879,0.027411508884618335,0.7799911350011826,0.021556794385762187,0.5841493830084801,0.015220233698597152
14000,0.05,5.5,0.25,1.0,0.85,-3.0,0.9663108736276627,0.012799450229401295,0.7397525608539581,0.028111024576501557,0.5645628944039345,0.020682069854070135
14000,0.05,5.5,0.25,1.0,0.85,-2.5,0.9708463922142982,0.015175553439685973,0.7508272081613541,0.02654560090216794,0.5714473500847816,0.025176452470054213
14000,0.05,5.5,0.25,1.0,0.85,-2.0,0.9627610445022583,0.027501616237005484,0.7597036883234978,0.025223876757908513,0.5739070922136307,0.023672186192170146
14000,0.05,5.5,0.25,1.0,0.85,-1.5,0.96590755879879,0.027411508884618335,0.7807436212897301,0.022993544172190593,0.5894786268472672,0.014454033133847353
14000,0.05,5.5,0.25,1.0,0.8,-3.0,0.9663108736276627,0.012799450229401295,0.7425331398844719,0.02709173795128507,0.5669556334614754,0.020158294479838468
14000,0.05,5.5,0.25,1.0,0.8,-2.5,0.9692666903138161,0.01653149022682938,0.7583507597446442,0.02431237000933373,0.5754739120602608,0.022004426367679533
14000,0.05,5.5,0.25,1.0,0.8,-2.0,0.9630780145525932,0.027514473765653524,0.7624971643090248,0.025452239868549102,0.5773499682545662,0.023797938238696
14000,0.05,5.5,0.25,1.0,0.8,-1.5,0.96590755879879,0.027411508884618335,0.7832433208823204,0.022584348314867983,0.590562254190445,0.01403977466683108
14000,0.05,5.5,0.25,1.0,0.7,-3.0,0.9705732390284538,0.013064449782357894,0.7543164789676666,0.02104799745648402,0.5756027549505234,0.022951300642427376
14000,0.05,5.5,0.25,1.0,0.7,-2.5,0.9653522223234177,0.02610879511958333,0.7604329809546471,0.023052964239655773,0.576527900993824,0.019559980641738844
14000,0.05,5.5,0.25,1.0,0.7,-2.0,0.9656253829598427,0.027281899214271838,0.7760238349437714,0.020797854729329622,0.5826328247785568,0.018605599651534546
14000,0.05,5.5,0.25,1.0,0.7,-1.5,0.96590755879879,0.027411508884618335,0.781599186360836,0.023854044904915325,0.5921767577528954,0.01554066591563918
